t,cell,size,z,r,p
0.0,0.0,1.0,0.0,0.0,0.0
1.01997,0.0,1.0,0.0,0.0,55.0
2.00419,0.0,1.0,0.0,0.0,101.0
3.01451,0.0,1.0,0.0,1.0,146.0
4.0088,0.0,1.0,0.0,0.0,197.0
5.01537,0.0,1.0,0.0,0.0,253.0
6.00146,0.0,1.0,0.0,3.0,308.0
7.00434,0.0,1.0,1.0,3.0,364.0
8.02869,0.0,1.0,1.0,3.0,421.0
9.02073,0.0,1.0,0.0,3.0,471.0
10.00364,0.0,1.0,1.0,4.0,532.0
11.00084,0.0,1.0,1.0,4.0,592.0
12.00148,0.0,1.0,1.0,5.0,639.0
13.00313,0.0,1.0,1.0,6.0,704.0
14.02375,0.0,1.0,1.0,5.0,754.0
15.02651,0.0,1.0,2.0,6.0,802.0
16.00011,0.0,1.0,2.0,8.0,859.0
17.012,0.0,1.0,2.0,8.0,909.0
18.00211,0.0,1.0,3.0,8.0,956.0
19.01358,0.0,1.0,3.0,9.0,997.0
20.05721,0.0,1.0,3.0,10.0,1049.0
21.03794,0.0,1.0,3.0,12.0,1092.0
22.00235,0.0,1.0,3.0,12.0,1140.0
23.01034,0.0,1.0,3.0,13.0,1207.0
24.03125,0.0,1.0,3.0,13.0,1250.0
25.00518,0.0,1.0,3.0,15.0,1292.0
26.00723,0.0,1.0,3.0,17.0,1342.0
27.0245,0.0,1.0,3.0,17.0,1400.0
28.02867,0.0,1.0,4.0,19.0,1446.0
29.0168,0.0,1.0,4.0,19.0,1511.0
30.0213,0.0,1.0,4.0,24.0,1555.0
31.07347,0.0,1.0,4.0,24.0,1608.0
32.00314,0.0,1.0,4.0,24.0,1657.0
33.00475,0.0,1.0,4.0,24.0,1722.0
34.0265,0.0,1.0,4.0,25.0,1784.0
35.0293,0.0,1.0,4.0,26.0,1830.0
36.00512,0.0,1.0,4.0,26.0,1902.0
37.0059,0.0,1.0,4.0,27.0,1959.0
38.00046,0.0,1.0,5.0,28.0,2000.0
39.00003,0.0,1.0,5.0,29.0,2046.0
40.01641,0.0,1.0,5.0,29.0,2102.0
41.00213,0.0,1.0,5.0,30.0,2149.0
42.00445,0.0,1.0,5.0,31.0,2192.0
43.04189,0.0,1.0,6.0,31.0,2253.0
44.00281,0.0,1.0,6.0,31.0,2305.0
45.01174,0.0,1.0,6.0,33.0,2367.0
46.0345,0.0,1.0,6.0,34.0,2422.0
47.00234,0.0,1.0,7.0,36.0,2470.0
48.00844,0.0,1.0,7.0,37.0,2529.0
49.05186,0.0,1.0,7.0,36.0,2590.0
50.00465,0.0,1.0,7.0,37.0,2628.0
51.04398,0.0,1.0,7.0,38.0,2679.0
52.00552,0.0,1.0,6.0,39.0,2719.0
53.03,0.0,1.0,6.0,39.0,2779.0
54.02606,0.0,1.0,6.0,38.0,2831.0
55.00103,0.0,1.0,7.0,41.0,2881.0
56.02915,0.0,1.0,8.0,43.0,2932.0
57.01335,0.0,1.0,8.0,45.0,2981.0
58.01946,0.0,1.0,8.0,46.0,3032.0
59.00974,0.0,1.0,8.0,47.0,3079.0
60.03826,0.0,1.0,8.0,48.0,3121.0
61.00864,0.0,1.0,8.0,50.0,3171.0
62.0105,0.0,1.0,9.0,50.0,3215.0
63.00544,0.0,1.0,9.0,51.0,3273.0
64.01228,0.0,1.0,9.0,51.0,3317.0
65.02215,0.0,1.0,9.0,52.0,3372.0
66.0087,0.0,1.0,9.0,52.0,3412.0
67.01333,0.0,1.0,9.0,53.0,3473.0
68.02204,0.0,1.0,9.0,53.0,3541.0
69.001,0.0,1.0,9.0,55.0,3584.0
70.04015,0.0,1.0,9.0,55.0,3635.0
71.02174,0.0,1.0,8.0,55.0,3681.0
72.07641,0.0,1.0,8.0,55.0,3736.0
73.00757,0.0,1.0,7.0,57.0,3779.0
74.00186,0.0,1.0,8.0,57.0,3827.0
75.00772,0.0,1.0,8.0,57.0,3880.0
76.0282,0.0,1.0,9.0,57.0,3917.0
77.0055,0.0,1.0,9.0,59.0,3968.0
78.00357,0.0,1.0,9.0,60.0,4018.0
79.02903,0.0,1.0,10.0,60.0,4068.0
80.00053,0.0,1.0,10.0,62.0,4109.0
81.039,0.0,1.0,10.0,63.0,4163.0
82.02011,0.0,1.0,9.0,63.0,4216.0
83.01487,0.0,1.0,9.0,63.0,4261.0
84.00745,0.0,1.0,9.0,63.0,4320.0
85.04446,0.0,1.0,9.0,66.0,4385.0
86.00386,0.0,1.0,10.0,66.0,4418.0
87.00475,0.0,1.0,11.0,70.0,4461.0
88.01419,0.0,1.0,11.0,71.0,4521.0
89.00587,0.0,1.0,11.0,73.0,4568.0
90.0509,0.0,1.0,11.0,73.0,4617.0
91.0056,0.0,1.0,11.0,73.0,4657.0
92.00286,0.0,1.0,12.0,76.0,4704.0
93.0021,0.0,1.0,12.0,77.0,4742.0
94.00721,0.0,1.0,12.0,78.0,4797.0
95.01938,0.0,1.0,12.0,79.0,4833.0
96.00143,0.0,1.0,12.0,78.0,4885.0
97.0044,0.0,1.0,12.0,77.0,4937.0
98.04456,0.0,1.0,12.0,77.0,4980.0
99.03561,0.0,1.0,12.0,78.0,5028.0
100.01945,0.0,1.0,12.0,80.0,5088.0
101.01576,0.0,1.0,12.0,81.0,5141.0
102.02038,0.0,1.0,13.0,83.0,5186.0
103.04803,0.0,1.0,13.0,84.0,5231.0
104.05015,0.0,1.0,14.0,89.0,5282.0
105.01269,0.0,1.0,14.0,89.0,5318.0
106.01137,0.0,1.0,14.0,90.0,5372.0
107.00359,0.0,1.0,14.0,91.0,5433.0
108.04015,0.0,1.0,14.0,92.0,5488.0
109.03921,0.0,1.0,14.0,92.0,5540.0
110.00248,0.0,1.0,14.0,94.0,5588.0
111.04163,0.0,1.0,15.0,95.0,5639.0
112.015,0.0,1.0,15.0,95.0,5679.0
113.01968,0.0,1.0,15.0,93.0,5728.0
114.00233,0.0,1.0,16.0,93.0,5779.0
115.00571,0.0,1.0,17.0,94.0,5823.0
116.01448,0.0,1.0,17.0,94.0,5862.0
117.00368,0.0,1.0,17.0,96.0,5912.0
118.00395,0.0,1.0,17.0,96.0,5962.0
119.0159,0.0,1.0,16.0,97.0,6013.0
120.0134,0.0,1.0,16.0,96.0,6052.0
121.01995,0.0,1.0,17.0,96.0,6102.0
122.0046,0.0,1.0,17.0,97.0,6148.0
123.03389,0.0,1.0,17.0,98.0,6179.0
124.0341,0.0,1.0,17.0,97.0,6212.0
125.00574,0.0,1.0,17.0,97.0,6267.0
126.00266,0.0,1.0,17.0,98.0,6311.0
127.04042,0.0,1.0,18.0,98.0,6358.0
128.04174,0.0,1.0,18.0,99.0,6402.0
129.01411,0.0,1.0,18.0,100.0,6450.0
130.02894,0.0,1.0,18.0,101.0,6491.0
131.05613,0.0,1.0,18.0,102.0,6544.0
132.01357,0.0,1.0,18.0,103.0,6609.0
133.00587,0.0,1.0,18.0,104.0,6665.0
134.02139,0.0,1.0,18.0,106.0,6727.0
135.00204,0.0,1.0,18.0,106.0,6775.0
136.04288,0.0,1.0,18.0,108.0,6842.0
137.00163,0.0,1.0,18.0,110.0,6891.0
138.00175,0.0,1.0,18.0,110.0,6937.0
139.03911,0.0,1.0,18.0,110.0,6979.0
140.00078,0.0,1.0,18.0,111.0,7031.0
141.01415,0.0,1.0,18.0,113.0,7074.0
142.01552,0.0,1.0,18.0,114.0,7122.0
143.00709,0.0,1.0,18.0,116.0,7165.0
144.0143,0.0,1.0,18.0,117.0,7221.0
145.0061,0.0,1.0,19.0,117.0,7264.0
146.01012,0.0,1.0,19.0,119.0,7323.0
147.02785,0.0,1.0,19.0,120.0,7375.0
148.00864,0.0,1.0,19.0,121.0,7411.0
149.00577,0.0,1.0,19.0,123.0,7459.0
0.0,1.0,1.0,0.0,0.0,0.0
1.00097,1.0,1.0,0.0,-1.0,68.0
2.01652,1.0,1.0,0.0,0.0,128.0
3.04561,1.0,1.0,0.0,1.0,181.0
4.01189,1.0,1.0,0.0,1.0,221.0
5.01182,1.0,1.0,0.0,1.0,264.0
6.00129,1.0,1.0,0.0,3.0,322.0
7.01094,1.0,1.0,0.0,3.0,368.0
8.05032,1.0,1.0,0.0,4.0,414.0
9.0035,1.0,1.0,0.0,6.0,462.0
10.00141,1.0,1.0,1.0,7.0,507.0
11.00649,1.0,1.0,1.0,7.0,566.0
12.01281,1.0,1.0,1.0,7.0,624.0
13.00007,1.0,1.0,1.0,6.0,671.0
14.02874,1.0,1.0,1.0,6.0,722.0
15.05049,1.0,1.0,1.0,7.0,778.0
16.00679,1.0,1.0,1.0,7.0,832.0
17.00507,1.0,1.0,2.0,7.0,871.0
18.00172,1.0,1.0,2.0,8.0,928.0
19.01643,1.0,1.0,2.0,8.0,994.0
20.00514,1.0,1.0,2.0,9.0,1031.0
21.01284,1.0,1.0,2.0,10.0,1079.0
22.00944,1.0,1.0,2.0,10.0,1136.0
23.01302,1.0,1.0,2.0,11.0,1181.0
24.01134,1.0,1.0,2.0,11.0,1214.0
25.02217,1.0,1.0,2.0,12.0,1268.0
26.03282,1.0,1.0,2.0,14.0,1309.0
27.05381,1.0,1.0,2.0,14.0,1344.0
28.04031,1.0,1.0,2.0,17.0,1392.0
29.00432,1.0,1.0,4.0,20.0,1450.0
30.00785,1.0,1.0,5.0,21.0,1503.0
31.00296,1.0,1.0,5.0,21.0,1552.0
32.00065,1.0,1.0,4.0,22.0,1605.0
33.01038,1.0,1.0,4.0,22.0,1647.0
34.01206,1.0,1.0,4.0,22.0,1696.0
35.01955,1.0,1.0,4.0,26.0,1748.0
36.00372,1.0,1.0,6.0,27.0,1788.0
37.02358,1.0,1.0,6.0,28.0,1837.0
38.02314,1.0,1.0,6.0,29.0,1897.0
39.02892,1.0,1.0,6.0,30.0,1943.0
40.01386,1.0,1.0,7.0,30.0,1992.0
41.06425,1.0,1.0,8.0,29.0,2045.0
42.00469,1.0,1.0,8.0,29.0,2083.0
43.0244,1.0,1.0,8.0,29.0,2138.0
44.02043,1.0,1.0,8.0,31.0,2186.0
45.00211,1.0,1.0,8.0,31.0,2232.0
46.00411,1.0,1.0,8.0,31.0,2286.0
47.03989,1.0,1.0,8.0,33.0,2343.0
48.06926,1.0,1.0,8.0,34.0,2387.0
49.00694,1.0,1.0,8.0,34.0,2445.0
50.00444,1.0,1.0,8.0,36.0,2494.0
51.00454,1.0,1.0,8.0,36.0,2540.0
52.01641,1.0,1.0,8.0,39.0,2594.0
53.07181,1.0,1.0,8.0,41.0,2647.0
54.1209,1.0,1.0,8.0,42.0,2694.0
55.01829,1.0,1.0,8.0,45.0,2734.0
56.00553,1.0,1.0,7.0,45.0,2780.0
57.01133,1.0,1.0,7.0,46.0,2837.0
58.02921,1.0,1.0,7.0,47.0,2884.0
59.00631,1.0,1.0,7.0,47.0,2927.0
60.03117,1.0,1.0,7.0,46.0,2977.0
61.00899,1.0,1.0,7.0,45.0,3024.0
62.10275,1.0,1.0,7.0,46.0,3067.0
63.0036,1.0,1.0,7.0,46.0,3112.0
64.00048,1.0,1.0,7.0,48.0,3172.0
65.0159,1.0,1.0,6.0,50.0,3230.0
66.02224,1.0,1.0,6.0,52.0,3272.0
67.00359,1.0,1.0,7.0,55.0,3337.0
68.01735,1.0,1.0,7.0,55.0,3397.0
69.00714,1.0,1.0,7.0,57.0,3442.0
70.01888,1.0,1.0,7.0,57.0,3486.0
71.03331,1.0,1.0,7.0,57.0,3534.0
72.0277,1.0,1.0,7.0,58.0,3584.0
73.00603,1.0,1.0,7.0,58.0,3635.0
74.00088,1.0,1.0,8.0,59.0,3681.0
75.00103,1.0,1.0,9.0,60.0,3739.0
76.0097,1.0,1.0,9.0,61.0,3789.0
77.01751,1.0,1.0,9.0,63.0,3845.0
78.01562,1.0,1.0,9.0,63.0,3899.0
79.04692,1.0,1.0,9.0,62.0,3951.0
80.01548,1.0,1.0,9.0,62.0,4000.0
81.00858,1.0,1.0,9.0,62.0,4049.0
82.00889,1.0,1.0,9.0,64.0,4096.0
83.02008,1.0,1.0,9.0,64.0,4146.0
84.00379,1.0,1.0,9.0,66.0,4195.0
85.04807,1.0,1.0,9.0,66.0,4253.0
86.01183,1.0,1.0,9.0,69.0,4294.0
87.00254,1.0,1.0,9.0,70.0,4344.0
88.00614,1.0,1.0,9.0,70.0,4392.0
89.02665,1.0,1.0,9.0,71.0,4454.0
90.01088,1.0,1.0,9.0,71.0,4500.0
91.0015,1.0,1.0,9.0,72.0,4546.0
92.00428,1.0,1.0,9.0,73.0,4597.0
93.00478,1.0,1.0,8.0,75.0,4661.0
94.00152,1.0,1.0,9.0,76.0,4706.0
95.00085,1.0,1.0,10.0,75.0,4749.0
96.00356,1.0,1.0,11.0,76.0,4802.0
97.00061,1.0,1.0,11.0,77.0,4855.0
98.05096,1.0,1.0,11.0,76.0,4895.0
99.00845,1.0,1.0,11.0,77.0,4951.0
100.03729,1.0,1.0,11.0,77.0,5003.0
101.00109,1.0,1.0,11.0,79.0,5066.0
102.03327,1.0,1.0,11.0,78.0,5113.0
103.05295,1.0,1.0,11.0,78.0,5162.0
104.02456,1.0,1.0,11.0,79.0,5211.0
105.03219,1.0,1.0,11.0,82.0,5251.0
106.0266,1.0,1.0,11.0,83.0,5299.0
107.03227,1.0,1.0,11.0,83.0,5356.0
108.00509,1.0,1.0,10.0,83.0,5412.0
109.00826,1.0,1.0,10.0,82.0,5461.0
110.00953,1.0,1.0,11.0,82.0,5513.0
111.00366,1.0,1.0,12.0,85.0,5558.0
112.00271,1.0,1.0,12.0,87.0,5604.0
113.00472,1.0,1.0,13.0,88.0,5658.0
114.01959,1.0,1.0,13.0,90.0,5708.0
115.01462,1.0,1.0,13.0,91.0,5749.0
116.02294,1.0,1.0,13.0,91.0,5789.0
117.02636,1.0,1.0,13.0,91.0,5837.0
118.09077,1.0,1.0,14.0,91.0,5885.0
119.00989,1.0,1.0,15.0,92.0,5931.0
120.09029,1.0,1.0,15.0,92.0,5981.0
121.02369,1.0,1.0,15.0,92.0,6034.0
122.00588,1.0,1.0,15.0,95.0,6080.0
123.03686,1.0,1.0,15.0,97.0,6141.0
124.00099,1.0,1.0,15.0,97.0,6191.0
125.01078,1.0,1.0,16.0,99.0,6246.0
126.01065,1.0,1.0,16.0,100.0,6297.0
127.03586,1.0,1.0,16.0,101.0,6332.0
128.0211,1.0,1.0,17.0,100.0,6384.0
129.09191,1.0,1.0,17.0,101.0,6438.0
130.00325,1.0,1.0,17.0,102.0,6493.0
131.01211,1.0,1.0,17.0,104.0,6544.0
132.00175,1.0,1.0,18.0,104.0,6588.0
133.01798,1.0,1.0,18.0,104.0,6646.0
134.01262,1.0,1.0,18.0,105.0,6683.0
135.02531,1.0,1.0,18.0,106.0,6749.0
136.01093,1.0,1.0,18.0,107.0,6804.0
137.01395,1.0,1.0,18.0,111.0,6844.0
138.00565,1.0,1.0,18.0,110.0,6897.0
139.06526,1.0,1.0,19.0,113.0,6947.0
140.05239,1.0,1.0,19.0,113.0,6991.0
141.00452,1.0,1.0,19.0,116.0,7031.0
142.01891,1.0,1.0,19.0,116.0,7075.0
143.01041,1.0,1.0,19.0,115.0,7124.0
144.0129,1.0,1.0,20.0,116.0,7171.0
145.01223,1.0,1.0,20.0,116.0,7232.0
146.02784,1.0,1.0,20.0,116.0,7287.0
147.0647,1.0,1.0,20.0,117.0,7337.0
148.0067,1.0,1.0,20.0,117.0,7379.0
149.01091,1.0,1.0,21.0,118.0,7428.0
0.0,2.0,1.0,0.0,0.0,0.0
1.016,2.0,1.0,0.0,1.0,49.0
2.03195,2.0,1.0,0.0,2.0,105.0
3.03012,2.0,1.0,0.0,5.0,162.0
4.02297,2.0,1.0,2.0,6.0,209.0
5.00309,2.0,1.0,2.0,6.0,266.0
6.02394,2.0,1.0,2.0,7.0,309.0
7.00581,2.0,1.0,2.0,7.0,351.0
8.01278,2.0,1.0,2.0,7.0,411.0
9.01233,2.0,1.0,3.0,7.0,461.0
10.01426,2.0,1.0,3.0,11.0,514.0
11.01707,2.0,1.0,3.0,11.0,562.0
12.00894,2.0,1.0,3.0,11.0,612.0
13.04501,2.0,1.0,3.0,11.0,678.0
14.00345,2.0,1.0,3.0,11.0,729.0
15.0113,2.0,1.0,4.0,12.0,783.0
16.00363,2.0,1.0,4.0,12.0,833.0
17.00218,2.0,1.0,4.0,13.0,889.0
18.05552,2.0,1.0,4.0,14.0,932.0
19.01324,2.0,1.0,4.0,14.0,978.0
20.03497,2.0,1.0,4.0,14.0,1030.0
21.00361,2.0,1.0,5.0,15.0,1080.0
22.0142,2.0,1.0,5.0,15.0,1137.0
23.00435,2.0,1.0,6.0,18.0,1201.0
24.04352,2.0,1.0,6.0,19.0,1255.0
25.01125,2.0,1.0,6.0,19.0,1294.0
26.00205,2.0,1.0,5.0,21.0,1348.0
27.00144,2.0,1.0,5.0,23.0,1412.0
28.02288,2.0,1.0,6.0,24.0,1464.0
29.00513,2.0,1.0,7.0,24.0,1512.0
30.03655,2.0,1.0,7.0,25.0,1555.0
31.00855,2.0,1.0,7.0,26.0,1610.0
32.0992,2.0,1.0,7.0,27.0,1662.0
33.08726,2.0,1.0,7.0,27.0,1711.0
34.0269,2.0,1.0,7.0,28.0,1759.0
35.02187,2.0,1.0,7.0,28.0,1806.0
36.00208,2.0,1.0,7.0,29.0,1855.0
37.00544,2.0,1.0,7.0,29.0,1895.0
38.00807,2.0,1.0,7.0,31.0,1923.0
39.01267,2.0,1.0,7.0,32.0,1967.0
40.02945,2.0,1.0,7.0,33.0,2023.0
41.02315,2.0,1.0,7.0,34.0,2065.0
42.01542,2.0,1.0,7.0,34.0,2121.0
43.05382,2.0,1.0,7.0,34.0,2167.0
44.00546,2.0,1.0,8.0,33.0,2218.0
45.01059,2.0,1.0,8.0,34.0,2267.0
46.07041,2.0,1.0,8.0,36.0,2306.0
47.01808,2.0,1.0,8.0,37.0,2364.0
48.00071,2.0,1.0,8.0,38.0,2411.0
49.00533,2.0,1.0,8.0,39.0,2455.0
50.01215,2.0,1.0,8.0,39.0,2499.0
51.00317,2.0,1.0,8.0,41.0,2564.0
52.00386,2.0,1.0,7.0,41.0,2619.0
53.01136,2.0,1.0,7.0,42.0,2664.0
54.01283,2.0,1.0,8.0,42.0,2727.0
55.00367,2.0,1.0,8.0,43.0,2779.0
56.01709,2.0,1.0,8.0,43.0,2819.0
57.00278,2.0,1.0,9.0,44.0,2869.0
58.01141,2.0,1.0,9.0,46.0,2926.0
59.00183,2.0,1.0,9.0,48.0,2970.0
60.00928,2.0,1.0,9.0,49.0,3024.0
61.04332,2.0,1.0,9.0,50.0,3084.0
62.02747,2.0,1.0,9.0,50.0,3134.0
63.00492,2.0,1.0,9.0,49.0,3185.0
64.02354,2.0,1.0,9.0,49.0,3235.0
65.00002,2.0,1.0,9.0,51.0,3274.0
66.07329,2.0,1.0,9.0,52.0,3336.0
67.08818,2.0,1.0,9.0,53.0,3379.0
68.00732,2.0,1.0,10.0,53.0,3433.0
69.01023,2.0,1.0,10.0,53.0,3482.0
70.01457,2.0,1.0,10.0,55.0,3521.0
71.00224,2.0,1.0,10.0,56.0,3583.0
72.02256,2.0,1.0,10.0,58.0,3630.0
73.00997,2.0,1.0,10.0,58.0,3683.0
74.00852,2.0,1.0,10.0,59.0,3732.0
75.03637,2.0,1.0,10.0,59.0,3807.0
76.00111,2.0,1.0,10.0,58.0,3853.0
77.00377,2.0,1.0,10.0,58.0,3900.0
78.01111,2.0,1.0,10.0,58.0,3947.0
79.04996,2.0,1.0,10.0,60.0,4011.0
80.05751,2.0,1.0,11.0,61.0,4070.0
81.01314,2.0,1.0,10.0,61.0,4117.0
82.00804,2.0,1.0,9.0,61.0,4170.0
83.00041,2.0,1.0,9.0,61.0,4223.0
84.02337,2.0,1.0,9.0,62.0,4278.0
85.011,2.0,1.0,9.0,63.0,4328.0
86.03241,2.0,1.0,9.0,63.0,4386.0
87.01272,2.0,1.0,9.0,64.0,4429.0
88.00855,2.0,1.0,9.0,68.0,4475.0
89.00504,2.0,1.0,9.0,68.0,4522.0
90.00218,2.0,1.0,9.0,68.0,4574.0
91.00026,2.0,1.0,10.0,69.0,4616.0
92.03507,2.0,1.0,10.0,68.0,4672.0
93.03563,2.0,1.0,10.0,69.0,4718.0
94.01656,2.0,1.0,10.0,72.0,4756.0
95.04502,2.0,1.0,10.0,71.0,4807.0
96.02287,2.0,1.0,10.0,71.0,4859.0
97.01359,2.0,1.0,10.0,74.0,4926.0
98.0144,2.0,1.0,11.0,74.0,4967.0
99.00791,2.0,1.0,12.0,74.0,5020.0
100.03415,2.0,1.0,12.0,74.0,5086.0
101.02282,2.0,1.0,12.0,74.0,5125.0
102.00917,2.0,1.0,11.0,74.0,5176.0
103.0268,2.0,1.0,11.0,75.0,5226.0
104.00032,2.0,1.0,11.0,76.0,5278.0
105.03508,2.0,1.0,11.0,79.0,5324.0
106.03158,2.0,1.0,11.0,79.0,5372.0
107.00542,2.0,1.0,11.0,79.0,5423.0
108.03102,2.0,1.0,11.0,80.0,5465.0
109.00744,2.0,1.0,11.0,81.0,5514.0
110.01079,2.0,1.0,11.0,81.0,5548.0
111.02162,2.0,1.0,10.0,81.0,5590.0
112.021,2.0,1.0,10.0,84.0,5632.0
113.04318,2.0,1.0,11.0,84.0,5684.0
114.01839,2.0,1.0,11.0,85.0,5736.0
115.03356,2.0,1.0,11.0,85.0,5793.0
116.05581,2.0,1.0,11.0,85.0,5836.0
117.02442,2.0,1.0,12.0,85.0,5878.0
118.00071,2.0,1.0,12.0,86.0,5930.0
119.0238,2.0,1.0,12.0,86.0,5976.0
120.00285,2.0,1.0,11.0,87.0,6006.0
121.02366,2.0,1.0,10.0,87.0,6061.0
122.02577,2.0,1.0,11.0,86.0,6114.0
123.00017,2.0,1.0,11.0,88.0,6164.0
124.01804,2.0,1.0,11.0,90.0,6216.0
125.01528,2.0,1.0,11.0,91.0,6266.0
126.05257,2.0,1.0,11.0,92.0,6311.0
127.02273,2.0,1.0,11.0,93.0,6368.0
128.01547,2.0,1.0,11.0,95.0,6423.0
129.00792,2.0,1.0,11.0,95.0,6481.0
130.00621,2.0,1.0,11.0,96.0,6530.0
131.00965,2.0,1.0,11.0,97.0,6579.0
132.00159,2.0,1.0,11.0,99.0,6639.0
133.01593,2.0,1.0,11.0,101.0,6700.0
134.01189,2.0,1.0,11.0,102.0,6758.0
135.00675,2.0,1.0,12.0,102.0,6811.0
136.0052,2.0,1.0,12.0,104.0,6856.0
137.05982,2.0,1.0,12.0,104.0,6902.0
138.00554,2.0,1.0,12.0,105.0,6931.0
139.02866,2.0,1.0,13.0,107.0,6979.0
140.01441,2.0,1.0,14.0,107.0,7039.0
141.00943,2.0,1.0,14.0,109.0,7096.0
142.07852,2.0,1.0,14.0,115.0,7149.0
143.00116,2.0,1.0,14.0,116.0,7199.0
144.00012,2.0,1.0,14.0,119.0,7248.0
145.00907,2.0,1.0,15.0,121.0,7302.0
146.03525,2.0,1.0,15.0,122.0,7356.0
147.02399,2.0,1.0,16.0,122.0,7399.0
148.0256,2.0,1.0,16.0,124.0,7458.0
149.00311,2.0,1.0,17.0,125.0,7513.0
0.0,3.0,1.0,0.0,0.0,0.0
1.00959,3.0,1.0,0.0,1.0,41.0
2.00072,3.0,1.0,0.0,2.0,92.0
3.04048,3.0,1.0,0.0,3.0,150.0
4.02369,3.0,1.0,0.0,4.0,201.0
5.06671,3.0,1.0,0.0,7.0,243.0
6.01825,3.0,1.0,0.0,10.0,283.0
7.01594,3.0,1.0,0.0,11.0,353.0
8.02726,3.0,1.0,0.0,10.0,390.0
9.0016,3.0,1.0,0.0,11.0,447.0
10.01294,3.0,1.0,1.0,11.0,505.0
11.00047,3.0,1.0,1.0,16.0,561.0
12.00438,3.0,1.0,1.0,17.0,618.0
13.00203,3.0,1.0,2.0,18.0,662.0
14.02748,3.0,1.0,2.0,20.0,709.0
15.00112,3.0,1.0,2.0,23.0,753.0
16.00082,3.0,1.0,2.0,24.0,801.0
17.01013,3.0,1.0,2.0,25.0,856.0
18.00699,3.0,1.0,3.0,25.0,901.0
19.02139,3.0,1.0,3.0,26.0,949.0
20.01541,3.0,1.0,3.0,26.0,1002.0
21.00331,3.0,1.0,3.0,24.0,1043.0
22.05947,3.0,1.0,3.0,25.0,1102.0
23.00344,3.0,1.0,2.0,25.0,1172.0
24.03116,3.0,1.0,2.0,26.0,1215.0
25.00651,3.0,1.0,2.0,27.0,1262.0
26.07062,3.0,1.0,2.0,28.0,1317.0
27.02226,3.0,1.0,2.0,29.0,1363.0
28.00812,3.0,1.0,2.0,35.0,1418.0
29.00095,3.0,1.0,2.0,37.0,1465.0
30.04689,3.0,1.0,2.0,38.0,1507.0
31.03542,3.0,1.0,2.0,39.0,1561.0
32.02999,3.0,1.0,2.0,40.0,1625.0
33.00793,3.0,1.0,3.0,41.0,1692.0
34.00596,3.0,1.0,2.0,43.0,1750.0
35.02125,3.0,1.0,2.0,44.0,1799.0
36.01255,3.0,1.0,2.0,47.0,1839.0
37.00555,3.0,1.0,1.0,48.0,1902.0
38.0171,3.0,1.0,2.0,48.0,1947.0
39.01943,3.0,1.0,4.0,49.0,1991.0
40.0005,3.0,1.0,4.0,49.0,2044.0
41.04652,3.0,1.0,4.0,50.0,2103.0
42.00242,3.0,1.0,4.0,52.0,2155.0
43.04753,3.0,1.0,4.0,54.0,2207.0
44.01243,3.0,1.0,6.0,55.0,2252.0
45.00457,3.0,1.0,6.0,55.0,2299.0
46.02455,3.0,1.0,6.0,55.0,2349.0
47.01899,3.0,1.0,6.0,57.0,2396.0
48.00605,3.0,1.0,6.0,57.0,2442.0
49.00257,3.0,1.0,7.0,57.0,2495.0
50.02397,3.0,1.0,7.0,56.0,2527.0
51.00936,3.0,1.0,7.0,56.0,2567.0
52.05799,3.0,1.0,7.0,56.0,2613.0
53.00121,3.0,1.0,8.0,56.0,2664.0
54.01351,3.0,1.0,7.0,56.0,2713.0
55.02091,3.0,1.0,7.0,57.0,2759.0
56.00901,3.0,1.0,7.0,59.0,2811.0
57.01111,3.0,1.0,6.0,61.0,2850.0
58.02992,3.0,1.0,6.0,62.0,2901.0
59.00756,3.0,1.0,6.0,63.0,2952.0
60.02008,3.0,1.0,6.0,63.0,3008.0
61.00032,3.0,1.0,6.0,63.0,3064.0
62.01889,3.0,1.0,6.0,63.0,3107.0
63.01849,3.0,1.0,6.0,64.0,3163.0
64.00261,3.0,1.0,6.0,67.0,3207.0
65.02844,3.0,1.0,6.0,67.0,3271.0
66.01999,3.0,1.0,6.0,68.0,3316.0
67.00819,3.0,1.0,6.0,66.0,3357.0
68.01617,3.0,1.0,6.0,67.0,3414.0
69.00253,3.0,1.0,6.0,67.0,3470.0
70.05906,3.0,1.0,7.0,68.0,3518.0
71.00083,3.0,1.0,8.0,68.0,3560.0
72.02904,3.0,1.0,8.0,68.0,3613.0
73.00871,3.0,1.0,8.0,68.0,3665.0
74.00017,3.0,1.0,8.0,71.0,3705.0
75.00109,3.0,1.0,8.0,72.0,3762.0
76.00118,3.0,1.0,8.0,71.0,3815.0
77.04564,3.0,1.0,9.0,71.0,3859.0
78.0374,3.0,1.0,9.0,73.0,3907.0
79.03918,3.0,1.0,10.0,73.0,3961.0
80.03182,3.0,1.0,10.0,73.0,4007.0
81.05376,3.0,1.0,10.0,73.0,4053.0
82.01139,3.0,1.0,10.0,75.0,4097.0
83.02101,3.0,1.0,10.0,75.0,4137.0
84.00537,3.0,1.0,10.0,76.0,4195.0
85.00376,3.0,1.0,10.0,77.0,4233.0
86.04872,3.0,1.0,9.0,79.0,4269.0
87.00425,3.0,1.0,9.0,79.0,4312.0
88.03457,3.0,1.0,9.0,80.0,4352.0
89.03014,3.0,1.0,9.0,81.0,4402.0
90.02847,3.0,1.0,9.0,80.0,4444.0
91.0062,3.0,1.0,9.0,81.0,4490.0
92.00239,3.0,1.0,9.0,82.0,4542.0
93.00166,3.0,1.0,9.0,82.0,4595.0
94.00566,3.0,1.0,9.0,83.0,4645.0
95.01662,3.0,1.0,9.0,84.0,4697.0
96.01743,3.0,1.0,9.0,84.0,4747.0
97.03613,3.0,1.0,8.0,84.0,4797.0
98.00949,3.0,1.0,8.0,85.0,4842.0
99.0327,3.0,1.0,8.0,86.0,4891.0
100.00325,3.0,1.0,8.0,87.0,4929.0
101.00522,3.0,1.0,8.0,88.0,4971.0
102.00235,3.0,1.0,8.0,88.0,5020.0
103.02049,3.0,1.0,8.0,89.0,5068.0
104.00325,3.0,1.0,8.0,91.0,5111.0
105.00486,3.0,1.0,8.0,91.0,5166.0
106.05279,3.0,1.0,8.0,91.0,5229.0
107.00023,3.0,1.0,8.0,92.0,5278.0
108.0531,3.0,1.0,9.0,94.0,5330.0
109.00278,3.0,1.0,9.0,95.0,5386.0
110.0073,3.0,1.0,9.0,95.0,5446.0
111.00406,3.0,1.0,9.0,96.0,5491.0
112.01559,3.0,1.0,9.0,96.0,5536.0
113.01635,3.0,1.0,9.0,96.0,5580.0
114.01132,3.0,1.0,9.0,99.0,5621.0
115.01512,3.0,1.0,9.0,99.0,5672.0
116.00653,3.0,1.0,9.0,99.0,5729.0
117.00039,3.0,1.0,8.0,101.0,5775.0
118.00141,3.0,1.0,8.0,102.0,5823.0
119.0087,3.0,1.0,8.0,103.0,5877.0
120.0113,3.0,1.0,10.0,105.0,5922.0
121.01119,3.0,1.0,10.0,106.0,5980.0
122.00296,3.0,1.0,10.0,107.0,6029.0
123.0059,3.0,1.0,11.0,108.0,6073.0
124.01983,3.0,1.0,11.0,108.0,6124.0
125.00224,3.0,1.0,12.0,109.0,6169.0
126.00132,3.0,1.0,12.0,109.0,6221.0
127.0378,3.0,1.0,12.0,110.0,6276.0
128.04328,3.0,1.0,12.0,110.0,6328.0
129.00533,3.0,1.0,12.0,110.0,6363.0
130.04109,3.0,1.0,12.0,112.0,6410.0
131.00871,3.0,1.0,12.0,113.0,6457.0
132.02814,3.0,1.0,12.0,116.0,6512.0
133.03012,3.0,1.0,13.0,116.0,6560.0
134.00289,3.0,1.0,13.0,117.0,6605.0
135.01437,3.0,1.0,13.0,119.0,6644.0
136.01533,3.0,1.0,14.0,119.0,6695.0
137.04935,3.0,1.0,14.0,120.0,6748.0
138.00363,3.0,1.0,14.0,121.0,6807.0
139.00627,3.0,1.0,14.0,124.0,6864.0
140.02316,3.0,1.0,14.0,124.0,6920.0
141.002,3.0,1.0,14.0,125.0,6977.0
142.00842,3.0,1.0,14.0,127.0,7025.0
143.01296,3.0,1.0,13.0,128.0,7087.0
144.00194,3.0,1.0,13.0,128.0,7146.0
145.02987,3.0,1.0,13.0,129.0,7195.0
146.01722,3.0,1.0,13.0,130.0,7240.0
147.02099,3.0,1.0,13.0,131.0,7289.0
148.0014,3.0,1.0,12.0,132.0,7326.0
149.01881,3.0,1.0,12.0,133.0,7369.0
0.0,4.0,1.0,0.0,0.0,0.0
1.02791,4.0,1.0,0.0,3.0,46.0
2.04016,4.0,1.0,0.0,3.0,103.0
3.01424,4.0,1.0,0.0,4.0,156.0
4.02491,4.0,1.0,0.0,5.0,217.0
5.0063,4.0,1.0,0.0,4.0,269.0
6.05155,4.0,1.0,0.0,3.0,325.0
7.0001,4.0,1.0,0.0,4.0,367.0
8.04116,4.0,1.0,0.0,4.0,424.0
9.00245,4.0,1.0,-1.0,4.0,478.0
10.00052,4.0,1.0,-1.0,4.0,527.0
11.00545,4.0,1.0,-1.0,5.0,576.0
12.01736,4.0,1.0,-1.0,7.0,630.0
13.01825,4.0,1.0,-1.0,7.0,675.0
14.01845,4.0,1.0,-1.0,7.0,722.0
15.06869,4.0,1.0,-1.0,7.0,769.0
16.01286,4.0,1.0,-1.0,8.0,813.0
17.06441,4.0,1.0,-1.0,10.0,853.0
18.01443,4.0,1.0,-1.0,10.0,895.0
19.00319,4.0,1.0,-1.0,11.0,952.0
20.00537,4.0,1.0,-1.0,10.0,1010.0
21.05498,4.0,1.0,-1.0,10.0,1065.0
22.0251,4.0,1.0,-1.0,14.0,1108.0
23.00345,4.0,1.0,-1.0,15.0,1157.0
24.02708,4.0,1.0,-1.0,13.0,1203.0
25.0069,4.0,1.0,-1.0,13.0,1251.0
26.00336,4.0,1.0,-1.0,13.0,1298.0
27.01702,4.0,1.0,-1.0,15.0,1350.0
28.00402,4.0,1.0,-2.0,15.0,1398.0
29.08252,4.0,1.0,-2.0,14.0,1439.0
30.00595,4.0,1.0,-2.0,15.0,1484.0
31.00717,4.0,1.0,-2.0,15.0,1538.0
32.01566,4.0,1.0,-2.0,15.0,1596.0
33.03119,4.0,1.0,-2.0,19.0,1643.0
34.0002,4.0,1.0,-2.0,19.0,1697.0
35.03725,4.0,1.0,-2.0,19.0,1747.0
36.00006,4.0,1.0,-1.0,18.0,1793.0
37.00654,4.0,1.0,-1.0,20.0,1835.0
38.06602,4.0,1.0,-1.0,22.0,1878.0
39.01531,4.0,1.0,0.0,25.0,1917.0
40.02953,4.0,1.0,0.0,29.0,1976.0
41.01245,4.0,1.0,1.0,30.0,2015.0
42.0023,4.0,1.0,1.0,32.0,2068.0
43.00244,4.0,1.0,1.0,33.0,2117.0
44.01917,4.0,1.0,1.0,35.0,2163.0
45.00054,4.0,1.0,1.0,36.0,2212.0
46.00345,4.0,1.0,1.0,38.0,2267.0
47.02614,4.0,1.0,1.0,39.0,2314.0
48.06207,4.0,1.0,1.0,39.0,2360.0
49.00329,4.0,1.0,1.0,39.0,2419.0
50.01111,4.0,1.0,1.0,42.0,2467.0
51.00864,4.0,1.0,1.0,42.0,2524.0
52.01987,4.0,1.0,1.0,43.0,2563.0
53.00282,4.0,1.0,1.0,44.0,2613.0
54.00765,4.0,1.0,1.0,46.0,2669.0
55.00156,4.0,1.0,2.0,47.0,2716.0
56.03177,4.0,1.0,2.0,47.0,2775.0
57.00537,4.0,1.0,2.0,48.0,2827.0
58.02757,4.0,1.0,2.0,51.0,2873.0
59.02427,4.0,1.0,3.0,51.0,2928.0
60.01593,4.0,1.0,3.0,54.0,2976.0
61.00239,4.0,1.0,3.0,55.0,3023.0
62.06021,4.0,1.0,3.0,58.0,3073.0
63.00407,4.0,1.0,3.0,59.0,3107.0
64.03564,4.0,1.0,2.0,62.0,3170.0
65.00413,4.0,1.0,3.0,62.0,3216.0
66.03814,4.0,1.0,3.0,63.0,3268.0
67.0045,4.0,1.0,3.0,64.0,3309.0
68.05315,4.0,1.0,3.0,65.0,3363.0
69.0193,4.0,1.0,3.0,66.0,3415.0
70.01635,4.0,1.0,3.0,67.0,3469.0
71.00918,4.0,1.0,3.0,70.0,3513.0
72.00682,4.0,1.0,3.0,73.0,3575.0
73.00149,4.0,1.0,3.0,73.0,3626.0
74.01431,4.0,1.0,3.0,75.0,3688.0
75.01645,4.0,1.0,4.0,76.0,3748.0
76.00175,4.0,1.0,5.0,78.0,3800.0
77.00784,4.0,1.0,5.0,80.0,3840.0
78.0045,4.0,1.0,5.0,80.0,3898.0
79.00028,4.0,1.0,5.0,81.0,3944.0
80.01443,4.0,1.0,6.0,81.0,3986.0
81.00115,4.0,1.0,5.0,81.0,4030.0
82.00797,4.0,1.0,5.0,81.0,4070.0
83.00704,4.0,1.0,5.0,81.0,4123.0
84.0259,4.0,1.0,5.0,80.0,4164.0
85.02268,4.0,1.0,5.0,79.0,4214.0
86.04749,4.0,1.0,5.0,78.0,4277.0
87.00673,4.0,1.0,5.0,80.0,4310.0
88.03267,4.0,1.0,6.0,81.0,4369.0
89.00944,4.0,1.0,6.0,81.0,4418.0
90.00538,4.0,1.0,6.0,82.0,4460.0
91.00975,4.0,1.0,7.0,82.0,4518.0
92.00763,4.0,1.0,7.0,82.0,4568.0
93.00108,4.0,1.0,6.0,82.0,4616.0
94.00098,4.0,1.0,6.0,83.0,4675.0
95.00863,4.0,1.0,6.0,84.0,4733.0
96.0005,4.0,1.0,6.0,84.0,4785.0
97.00039,4.0,1.0,6.0,84.0,4827.0
98.00896,4.0,1.0,6.0,84.0,4863.0
99.02477,4.0,1.0,6.0,84.0,4904.0
100.00202,4.0,1.0,6.0,84.0,4946.0
101.00473,4.0,1.0,6.0,84.0,5006.0
102.02403,4.0,1.0,6.0,86.0,5066.0
103.02626,4.0,1.0,7.0,86.0,5125.0
104.02315,4.0,1.0,7.0,87.0,5157.0
105.00783,4.0,1.0,7.0,89.0,5209.0
106.02014,4.0,1.0,8.0,90.0,5267.0
107.02596,4.0,1.0,8.0,92.0,5328.0
108.02151,4.0,1.0,8.0,92.0,5375.0
109.01946,4.0,1.0,8.0,90.0,5442.0
110.03049,4.0,1.0,8.0,92.0,5488.0
111.00543,4.0,1.0,9.0,92.0,5538.0
112.00801,4.0,1.0,9.0,93.0,5591.0
113.00431,4.0,1.0,9.0,93.0,5643.0
114.00446,4.0,1.0,9.0,93.0,5696.0
115.0709,4.0,1.0,9.0,94.0,5757.0
116.00008,4.0,1.0,9.0,94.0,5800.0
117.05258,4.0,1.0,9.0,96.0,5858.0
118.01756,4.0,1.0,9.0,96.0,5901.0
119.03825,4.0,1.0,9.0,97.0,5943.0
120.01314,4.0,1.0,9.0,98.0,5981.0
121.00766,4.0,1.0,9.0,100.0,6028.0
122.01348,4.0,1.0,9.0,101.0,6086.0
123.01616,4.0,1.0,9.0,101.0,6133.0
124.05073,4.0,1.0,9.0,101.0,6199.0
125.01504,4.0,1.0,10.0,101.0,6245.0
126.00334,4.0,1.0,10.0,102.0,6298.0
127.02111,4.0,1.0,10.0,104.0,6363.0
128.07175,4.0,1.0,10.0,104.0,6412.0
129.02483,4.0,1.0,10.0,105.0,6462.0
130.01386,4.0,1.0,10.0,106.0,6515.0
131.0165,4.0,1.0,11.0,106.0,6555.0
132.02141,4.0,1.0,11.0,107.0,6591.0
133.01699,4.0,1.0,11.0,110.0,6636.0
134.00274,4.0,1.0,11.0,112.0,6685.0
135.0436,4.0,1.0,11.0,114.0,6743.0
136.00063,4.0,1.0,11.0,115.0,6783.0
137.00632,4.0,1.0,11.0,115.0,6833.0
138.00736,4.0,1.0,11.0,115.0,6884.0
139.01558,4.0,1.0,11.0,116.0,6933.0
140.02769,4.0,1.0,11.0,118.0,6984.0
141.00765,4.0,1.0,11.0,118.0,7024.0
142.12274,4.0,1.0,11.0,118.0,7075.0
143.01809,4.0,1.0,11.0,118.0,7121.0
144.01166,4.0,1.0,11.0,119.0,7160.0
145.02522,4.0,1.0,11.0,119.0,7206.0
146.01719,4.0,1.0,12.0,119.0,7265.0
147.00662,4.0,1.0,12.0,119.0,7316.0
148.01216,4.0,1.0,12.0,120.0,7363.0
149.02111,4.0,1.0,12.0,121.0,7407.0
0.0,5.0,1.0,0.0,0.0,0.0
1.00636,5.0,1.0,0.0,-1.0,42.0
2.00173,5.0,1.0,0.0,0.0,98.0
3.03015,5.0,1.0,0.0,2.0,144.0
4.00594,5.0,1.0,0.0,3.0,189.0
5.1004,5.0,1.0,1.0,5.0,241.0
6.03043,5.0,1.0,2.0,5.0,283.0
7.00083,5.0,1.0,1.0,5.0,329.0
8.02606,5.0,1.0,0.0,7.0,388.0
9.00059,5.0,1.0,0.0,10.0,438.0
10.00366,5.0,1.0,0.0,11.0,485.0
11.00167,5.0,1.0,0.0,12.0,524.0
12.0101,5.0,1.0,0.0,15.0,576.0
13.05475,5.0,1.0,0.0,17.0,631.0
14.02143,5.0,1.0,0.0,18.0,673.0
15.06378,5.0,1.0,0.0,18.0,716.0
16.0166,5.0,1.0,0.0,19.0,758.0
17.01284,5.0,1.0,0.0,21.0,816.0
18.00244,5.0,1.0,0.0,22.0,865.0
19.0134,5.0,1.0,-1.0,23.0,907.0
20.03163,5.0,1.0,-1.0,25.0,959.0
21.00935,5.0,1.0,-1.0,25.0,1008.0
22.01738,5.0,1.0,-1.0,26.0,1071.0
23.01997,5.0,1.0,-1.0,27.0,1107.0
24.01114,5.0,1.0,-1.0,27.0,1164.0
25.00158,5.0,1.0,0.0,27.0,1225.0
26.01752,5.0,1.0,0.0,27.0,1284.0
27.0102,5.0,1.0,0.0,27.0,1330.0
28.00068,5.0,1.0,0.0,27.0,1380.0
29.00276,5.0,1.0,0.0,28.0,1432.0
30.0093,5.0,1.0,0.0,28.0,1479.0
31.02071,5.0,1.0,0.0,27.0,1523.0
32.0217,5.0,1.0,0.0,29.0,1573.0
33.00425,5.0,1.0,0.0,30.0,1612.0
34.01198,5.0,1.0,0.0,30.0,1677.0
35.00672,5.0,1.0,0.0,31.0,1725.0
36.02106,5.0,1.0,0.0,31.0,1772.0
37.07774,5.0,1.0,0.0,31.0,1815.0
38.01494,5.0,1.0,0.0,32.0,1859.0
39.00603,5.0,1.0,0.0,33.0,1907.0
40.02642,5.0,1.0,0.0,35.0,1958.0
41.00276,5.0,1.0,0.0,35.0,2011.0
42.00581,5.0,1.0,0.0,37.0,2066.0
43.03152,5.0,1.0,0.0,38.0,2120.0
44.01443,5.0,1.0,0.0,38.0,2168.0
45.0143,5.0,1.0,0.0,39.0,2212.0
46.02244,5.0,1.0,0.0,39.0,2253.0
47.00282,5.0,1.0,0.0,39.0,2296.0
48.01394,5.0,1.0,0.0,40.0,2346.0
49.00403,5.0,1.0,0.0,41.0,2410.0
50.00658,5.0,1.0,0.0,41.0,2460.0
51.01441,5.0,1.0,0.0,43.0,2506.0
52.00493,5.0,1.0,0.0,43.0,2562.0
53.0008,5.0,1.0,0.0,43.0,2611.0
54.00656,5.0,1.0,0.0,43.0,2664.0
55.07215,5.0,1.0,0.0,43.0,2721.0
56.00392,5.0,1.0,0.0,43.0,2767.0
57.01887,5.0,1.0,0.0,43.0,2826.0
58.00082,5.0,1.0,0.0,46.0,2879.0
59.00529,5.0,1.0,0.0,46.0,2936.0
60.00619,5.0,1.0,0.0,46.0,2984.0
61.01157,5.0,1.0,0.0,47.0,3028.0
62.02265,5.0,1.0,0.0,49.0,3075.0
63.00295,5.0,1.0,0.0,48.0,3127.0
64.01509,5.0,1.0,0.0,49.0,3174.0
65.01023,5.0,1.0,0.0,50.0,3221.0
66.00867,5.0,1.0,0.0,51.0,3279.0
67.00323,5.0,1.0,0.0,51.0,3321.0
68.00197,5.0,1.0,0.0,51.0,3371.0
69.00073,5.0,1.0,2.0,51.0,3429.0
70.01996,5.0,1.0,3.0,50.0,3469.0
71.01733,5.0,1.0,3.0,50.0,3524.0
72.00695,5.0,1.0,3.0,51.0,3570.0
73.03027,5.0,1.0,4.0,52.0,3630.0
74.03146,5.0,1.0,4.0,52.0,3683.0
75.13663,5.0,1.0,4.0,52.0,3737.0
76.09727,5.0,1.0,4.0,52.0,3771.0
77.05212,5.0,1.0,4.0,52.0,3837.0
78.03354,5.0,1.0,4.0,52.0,3887.0
79.00487,5.0,1.0,6.0,53.0,3940.0
80.04092,5.0,1.0,6.0,54.0,3982.0
81.02817,5.0,1.0,6.0,55.0,4028.0
82.01077,5.0,1.0,7.0,56.0,4076.0
83.00623,5.0,1.0,7.0,58.0,4127.0
84.05172,5.0,1.0,7.0,58.0,4178.0
85.01769,5.0,1.0,8.0,58.0,4227.0
86.02966,5.0,1.0,9.0,59.0,4276.0
87.03171,5.0,1.0,9.0,59.0,4320.0
88.01836,5.0,1.0,9.0,61.0,4366.0
89.0008,5.0,1.0,9.0,63.0,4415.0
90.02585,5.0,1.0,9.0,66.0,4460.0
91.05078,5.0,1.0,9.0,68.0,4509.0
92.00661,5.0,1.0,8.0,68.0,4571.0
93.01061,5.0,1.0,8.0,69.0,4626.0
94.00253,5.0,1.0,8.0,69.0,4678.0
95.0422,5.0,1.0,8.0,70.0,4733.0
96.01523,5.0,1.0,7.0,70.0,4789.0
97.00202,5.0,1.0,7.0,70.0,4844.0
98.00746,5.0,1.0,7.0,72.0,4893.0
99.00877,5.0,1.0,8.0,73.0,4932.0
100.06912,5.0,1.0,9.0,74.0,4980.0
101.01792,5.0,1.0,9.0,76.0,5027.0
102.01171,5.0,1.0,10.0,76.0,5067.0
103.03673,5.0,1.0,10.0,78.0,5129.0
104.01139,5.0,1.0,10.0,79.0,5185.0
105.01143,5.0,1.0,10.0,80.0,5228.0
106.00882,5.0,1.0,10.0,81.0,5272.0
107.01933,5.0,1.0,10.0,81.0,5317.0
108.02113,5.0,1.0,10.0,81.0,5364.0
109.01535,5.0,1.0,10.0,81.0,5412.0
110.00914,5.0,1.0,10.0,80.0,5460.0
111.01563,5.0,1.0,10.0,80.0,5504.0
112.00332,5.0,1.0,10.0,82.0,5567.0
113.00116,5.0,1.0,10.0,82.0,5637.0
114.01613,5.0,1.0,12.0,82.0,5696.0
115.00034,5.0,1.0,12.0,83.0,5749.0
116.01295,5.0,1.0,12.0,83.0,5785.0
117.01306,5.0,1.0,12.0,84.0,5838.0
118.0011,5.0,1.0,12.0,84.0,5893.0
119.02923,5.0,1.0,12.0,85.0,5938.0
120.02389,5.0,1.0,12.0,85.0,5984.0
121.02802,5.0,1.0,12.0,87.0,6044.0
122.01167,5.0,1.0,12.0,88.0,6092.0
123.05463,5.0,1.0,12.0,89.0,6144.0
124.01651,5.0,1.0,12.0,89.0,6188.0
125.00183,5.0,1.0,12.0,89.0,6228.0
126.00992,5.0,1.0,12.0,91.0,6275.0
127.00807,5.0,1.0,12.0,91.0,6322.0
128.01833,5.0,1.0,12.0,94.0,6373.0
129.00644,5.0,1.0,12.0,95.0,6438.0
130.00237,5.0,1.0,12.0,95.0,6486.0
131.00423,5.0,1.0,12.0,97.0,6538.0
132.0131,5.0,1.0,12.0,99.0,6581.0
133.03469,5.0,1.0,12.0,98.0,6620.0
134.00805,5.0,1.0,12.0,99.0,6660.0
135.03048,5.0,1.0,12.0,100.0,6703.0
136.02473,5.0,1.0,12.0,102.0,6743.0
137.00204,5.0,1.0,12.0,103.0,6796.0
138.0037,5.0,1.0,13.0,106.0,6856.0
139.01542,5.0,1.0,13.0,107.0,6905.0
140.00571,5.0,1.0,14.0,109.0,6959.0
141.00641,5.0,1.0,14.0,109.0,7015.0
142.00909,5.0,1.0,14.0,109.0,7077.0
143.01877,5.0,1.0,13.0,110.0,7126.0
144.02345,5.0,1.0,14.0,110.0,7162.0
145.00121,5.0,1.0,14.0,110.0,7201.0
146.02043,5.0,1.0,14.0,111.0,7258.0
147.0183,5.0,1.0,14.0,112.0,7314.0
148.00989,5.0,1.0,15.0,115.0,7365.0
149.03012,5.0,1.0,15.0,115.0,7410.0
0.0,6.0,1.0,0.0,0.0,0.0
1.00385,6.0,1.0,0.0,1.0,51.0
2.00489,6.0,1.0,0.0,1.0,91.0
3.04241,6.0,1.0,0.0,2.0,136.0
4.0104,6.0,1.0,0.0,2.0,181.0
5.00806,6.0,1.0,0.0,3.0,219.0
6.00238,6.0,1.0,0.0,3.0,264.0
7.00347,6.0,1.0,0.0,3.0,322.0
8.01524,6.0,1.0,1.0,4.0,371.0
9.02228,6.0,1.0,1.0,4.0,429.0
10.00023,6.0,1.0,1.0,4.0,469.0
11.03062,6.0,1.0,2.0,5.0,526.0
12.0011,6.0,1.0,2.0,6.0,568.0
13.00623,6.0,1.0,3.0,6.0,614.0
14.00017,6.0,1.0,3.0,8.0,666.0
15.03036,6.0,1.0,3.0,8.0,699.0
16.02815,6.0,1.0,3.0,9.0,747.0
17.00924,6.0,1.0,3.0,12.0,791.0
18.03938,6.0,1.0,3.0,12.0,836.0
19.0087,6.0,1.0,3.0,13.0,880.0
20.05724,6.0,1.0,3.0,13.0,950.0
21.00387,6.0,1.0,3.0,14.0,994.0
22.02121,6.0,1.0,3.0,14.0,1040.0
23.00806,6.0,1.0,3.0,15.0,1102.0
24.03822,6.0,1.0,3.0,15.0,1142.0
25.02074,6.0,1.0,4.0,15.0,1185.0
26.01527,6.0,1.0,4.0,18.0,1241.0
27.00363,6.0,1.0,4.0,19.0,1291.0
28.00285,6.0,1.0,4.0,20.0,1332.0
29.00662,6.0,1.0,4.0,19.0,1382.0
30.00033,6.0,1.0,4.0,21.0,1448.0
31.00699,6.0,1.0,4.0,22.0,1489.0
32.02166,6.0,1.0,5.0,22.0,1533.0
33.00226,6.0,1.0,5.0,25.0,1579.0
34.02929,6.0,1.0,5.0,25.0,1628.0
35.00942,6.0,1.0,5.0,25.0,1678.0
36.04488,6.0,1.0,5.0,24.0,1735.0
37.04481,6.0,1.0,6.0,23.0,1787.0
38.04103,6.0,1.0,6.0,23.0,1829.0
39.01521,6.0,1.0,6.0,23.0,1877.0
40.01116,6.0,1.0,5.0,23.0,1930.0
41.00942,6.0,1.0,5.0,24.0,1978.0
42.00592,6.0,1.0,5.0,25.0,2031.0
43.00673,6.0,1.0,5.0,26.0,2077.0
44.02378,6.0,1.0,5.0,27.0,2128.0
45.02477,6.0,1.0,5.0,27.0,2164.0
46.03146,6.0,1.0,5.0,27.0,2214.0
47.02666,6.0,1.0,5.0,28.0,2261.0
48.02397,6.0,1.0,6.0,31.0,2310.0
49.00186,6.0,1.0,6.0,33.0,2373.0
50.02137,6.0,1.0,6.0,36.0,2424.0
51.04098,6.0,1.0,6.0,37.0,2468.0
52.00647,6.0,1.0,6.0,36.0,2519.0
53.03657,6.0,1.0,6.0,38.0,2573.0
54.02574,6.0,1.0,7.0,42.0,2618.0
55.00164,6.0,1.0,7.0,42.0,2667.0
56.03258,6.0,1.0,7.0,43.0,2720.0
57.02184,6.0,1.0,7.0,43.0,2775.0
58.01718,6.0,1.0,7.0,43.0,2827.0
59.00073,6.0,1.0,7.0,43.0,2872.0
60.05121,6.0,1.0,7.0,45.0,2924.0
61.00415,6.0,1.0,7.0,45.0,2982.0
62.00015,6.0,1.0,6.0,46.0,3050.0
63.04124,6.0,1.0,6.0,47.0,3103.0
64.05161,6.0,1.0,6.0,47.0,3146.0
65.01425,6.0,1.0,6.0,49.0,3191.0
66.05758,6.0,1.0,6.0,50.0,3245.0
67.01682,6.0,1.0,7.0,53.0,3289.0
68.09324,6.0,1.0,7.0,54.0,3344.0
69.01215,6.0,1.0,8.0,55.0,3388.0
70.01052,6.0,1.0,8.0,54.0,3431.0
71.03216,6.0,1.0,8.0,56.0,3495.0
72.0283,6.0,1.0,8.0,56.0,3550.0
73.01522,6.0,1.0,8.0,56.0,3610.0
74.0283,6.0,1.0,8.0,56.0,3647.0
75.0399,6.0,1.0,8.0,57.0,3706.0
76.00914,6.0,1.0,8.0,56.0,3751.0
77.02553,6.0,1.0,8.0,57.0,3802.0
78.03748,6.0,1.0,8.0,57.0,3836.0
79.04133,6.0,1.0,8.0,58.0,3892.0
80.01321,6.0,1.0,8.0,60.0,3937.0
81.00025,6.0,1.0,8.0,61.0,3994.0
82.0183,6.0,1.0,8.0,63.0,4050.0
83.00289,6.0,1.0,9.0,63.0,4098.0
84.01918,6.0,1.0,9.0,60.0,4157.0
85.02847,6.0,1.0,9.0,60.0,4198.0
86.00382,6.0,1.0,9.0,63.0,4242.0
87.00786,6.0,1.0,9.0,63.0,4286.0
88.00356,6.0,1.0,10.0,65.0,4343.0
89.02255,6.0,1.0,10.0,65.0,4393.0
90.00323,6.0,1.0,11.0,67.0,4444.0
91.00133,6.0,1.0,11.0,70.0,4494.0
92.01192,6.0,1.0,11.0,71.0,4556.0
93.09592,6.0,1.0,11.0,73.0,4610.0
94.03375,6.0,1.0,11.0,75.0,4650.0
95.00745,6.0,1.0,11.0,78.0,4693.0
96.00882,6.0,1.0,11.0,78.0,4744.0
97.04479,6.0,1.0,11.0,77.0,4792.0
98.00678,6.0,1.0,12.0,77.0,4834.0
99.01411,6.0,1.0,12.0,78.0,4885.0
100.04348,6.0,1.0,12.0,80.0,4931.0
101.00805,6.0,1.0,12.0,83.0,4977.0
102.01584,6.0,1.0,12.0,84.0,5029.0
103.05546,6.0,1.0,12.0,83.0,5077.0
104.03075,6.0,1.0,12.0,83.0,5129.0
105.05657,6.0,1.0,12.0,83.0,5177.0
106.0186,6.0,1.0,11.0,85.0,5231.0
107.02139,6.0,1.0,11.0,86.0,5273.0
108.053,6.0,1.0,11.0,87.0,5319.0
109.03636,6.0,1.0,14.0,88.0,5354.0
110.01571,6.0,1.0,15.0,88.0,5395.0
111.09326,6.0,1.0,15.0,87.0,5451.0
112.02531,6.0,1.0,15.0,87.0,5503.0
113.02758,6.0,1.0,15.0,89.0,5563.0
114.02084,6.0,1.0,15.0,91.0,5614.0
115.02117,6.0,1.0,15.0,91.0,5671.0
116.00023,6.0,1.0,15.0,93.0,5720.0
117.00352,6.0,1.0,15.0,93.0,5784.0
118.0318,6.0,1.0,15.0,94.0,5836.0
119.00372,6.0,1.0,15.0,94.0,5875.0
120.00712,6.0,1.0,15.0,95.0,5923.0
121.01863,6.0,1.0,15.0,95.0,5977.0
122.03974,6.0,1.0,15.0,95.0,6037.0
123.0143,6.0,1.0,15.0,95.0,6091.0
124.01777,6.0,1.0,17.0,97.0,6128.0
125.01917,6.0,1.0,17.0,98.0,6184.0
126.00377,6.0,1.0,16.0,98.0,6231.0
127.01988,6.0,1.0,16.0,99.0,6278.0
128.02848,6.0,1.0,17.0,101.0,6324.0
129.0065,6.0,1.0,17.0,102.0,6375.0
130.06517,6.0,1.0,17.0,104.0,6414.0
131.00027,6.0,1.0,17.0,106.0,6477.0
132.01157,6.0,1.0,17.0,109.0,6532.0
133.02647,6.0,1.0,17.0,111.0,6582.0
134.00382,6.0,1.0,17.0,113.0,6638.0
135.01688,6.0,1.0,19.0,114.0,6685.0
136.02126,6.0,1.0,19.0,114.0,6731.0
137.02671,6.0,1.0,19.0,114.0,6793.0
138.02647,6.0,1.0,19.0,115.0,6839.0
139.0215,6.0,1.0,19.0,117.0,6888.0
140.00351,6.0,1.0,19.0,118.0,6945.0
141.02723,6.0,1.0,18.0,120.0,6990.0
142.03309,6.0,1.0,19.0,120.0,7041.0
143.06492,6.0,1.0,19.0,122.0,7087.0
144.00821,6.0,1.0,19.0,122.0,7135.0
145.02479,6.0,1.0,19.0,124.0,7188.0
146.04546,6.0,1.0,19.0,124.0,7229.0
147.00314,6.0,1.0,19.0,126.0,7261.0
148.00819,6.0,1.0,19.0,127.0,7316.0
149.01753,6.0,1.0,20.0,127.0,7364.0
0.0,7.0,1.0,0.0,0.0,0.0
1.00856,7.0,1.0,0.0,1.0,36.0
2.03186,7.0,1.0,1.0,0.0,81.0
3.05332,7.0,1.0,1.0,1.0,125.0
4.03433,7.0,1.0,1.0,1.0,164.0
5.00472,7.0,1.0,1.0,2.0,224.0
6.03748,7.0,1.0,1.0,2.0,272.0
7.0,7.0,1.0,1.0,1.0,322.0
8.00587,7.0,1.0,2.0,2.0,368.0
9.00281,7.0,1.0,2.0,3.0,412.0
10.05887,7.0,1.0,2.0,2.0,467.0
11.01341,7.0,1.0,2.0,1.0,513.0
12.02707,7.0,1.0,2.0,1.0,564.0
13.00053,7.0,1.0,2.0,2.0,617.0
14.00394,7.0,1.0,2.0,2.0,669.0
15.02446,7.0,1.0,2.0,2.0,722.0
16.01639,7.0,1.0,2.0,3.0,772.0
17.00529,7.0,1.0,2.0,3.0,817.0
18.00327,7.0,1.0,2.0,5.0,867.0
19.02331,7.0,1.0,2.0,5.0,920.0
20.03755,7.0,1.0,3.0,5.0,965.0
21.01538,7.0,1.0,3.0,6.0,1011.0
22.01025,7.0,1.0,3.0,7.0,1066.0
23.02059,7.0,1.0,3.0,7.0,1114.0
24.01669,7.0,1.0,3.0,8.0,1172.0
25.00201,7.0,1.0,3.0,9.0,1226.0
26.01374,7.0,1.0,4.0,10.0,1271.0
27.00423,7.0,1.0,4.0,11.0,1315.0
28.03,7.0,1.0,4.0,11.0,1374.0
29.00764,7.0,1.0,4.0,11.0,1432.0
30.01073,7.0,1.0,5.0,11.0,1484.0
31.0323,7.0,1.0,5.0,11.0,1543.0
32.00224,7.0,1.0,7.0,11.0,1594.0
33.00191,7.0,1.0,8.0,10.0,1636.0
34.00138,7.0,1.0,8.0,9.0,1690.0
35.01556,7.0,1.0,8.0,9.0,1744.0
36.04007,7.0,1.0,9.0,9.0,1789.0
37.04453,7.0,1.0,9.0,13.0,1829.0
38.00621,7.0,1.0,9.0,13.0,1885.0
39.01492,7.0,1.0,11.0,13.0,1927.0
40.00048,7.0,1.0,11.0,13.0,1970.0
41.007,7.0,1.0,12.0,14.0,2015.0
42.00655,7.0,1.0,13.0,14.0,2066.0
43.01233,7.0,1.0,13.0,16.0,2134.0
44.05969,7.0,1.0,14.0,17.0,2186.0
45.02413,7.0,1.0,14.0,16.0,2226.0
46.01679,7.0,1.0,14.0,16.0,2267.0
47.02236,7.0,1.0,14.0,19.0,2307.0
48.0061,7.0,1.0,15.0,19.0,2375.0
49.00624,7.0,1.0,15.0,18.0,2432.0
50.00988,7.0,1.0,15.0,19.0,2484.0
51.03227,7.0,1.0,15.0,20.0,2536.0
52.01058,7.0,1.0,15.0,20.0,2586.0
53.03182,7.0,1.0,15.0,21.0,2649.0
54.00405,7.0,1.0,14.0,21.0,2699.0
55.02052,7.0,1.0,15.0,24.0,2766.0
56.00027,7.0,1.0,16.0,24.0,2808.0
57.01797,7.0,1.0,16.0,24.0,2860.0
58.0052,7.0,1.0,16.0,24.0,2916.0
59.00296,7.0,1.0,16.0,22.0,2972.0
60.0366,7.0,1.0,16.0,24.0,3014.0
61.00312,7.0,1.0,16.0,25.0,3070.0
62.01689,7.0,1.0,15.0,27.0,3126.0
63.03845,7.0,1.0,15.0,27.0,3189.0
64.00969,7.0,1.0,15.0,27.0,3232.0
65.00377,7.0,1.0,15.0,28.0,3300.0
66.01233,7.0,1.0,15.0,29.0,3348.0
67.04556,7.0,1.0,15.0,28.0,3402.0
68.04838,7.0,1.0,15.0,30.0,3446.0
69.01545,7.0,1.0,15.0,31.0,3481.0
70.04463,7.0,1.0,15.0,33.0,3517.0
71.01094,7.0,1.0,15.0,34.0,3562.0
72.00599,7.0,1.0,15.0,34.0,3610.0
73.00537,7.0,1.0,15.0,37.0,3662.0
74.00874,7.0,1.0,15.0,37.0,3697.0
75.00758,7.0,1.0,15.0,38.0,3764.0
76.00008,7.0,1.0,15.0,39.0,3839.0
77.00178,7.0,1.0,15.0,39.0,3888.0
78.03433,7.0,1.0,15.0,39.0,3943.0
79.00179,7.0,1.0,15.0,41.0,3998.0
80.0046,7.0,1.0,15.0,42.0,4047.0
81.01808,7.0,1.0,15.0,43.0,4089.0
82.00333,7.0,1.0,15.0,43.0,4140.0
83.00057,7.0,1.0,15.0,44.0,4190.0
84.02186,7.0,1.0,15.0,44.0,4234.0
85.01871,7.0,1.0,16.0,44.0,4286.0
86.01861,7.0,1.0,16.0,44.0,4329.0
87.01321,7.0,1.0,16.0,45.0,4373.0
88.00447,7.0,1.0,16.0,47.0,4424.0
89.01362,7.0,1.0,16.0,47.0,4481.0
90.01446,7.0,1.0,16.0,48.0,4527.0
91.0092,7.0,1.0,16.0,49.0,4575.0
92.01203,7.0,1.0,16.0,49.0,4627.0
93.03742,7.0,1.0,16.0,49.0,4663.0
94.04318,7.0,1.0,16.0,49.0,4713.0
95.01413,7.0,1.0,16.0,50.0,4763.0
96.01681,7.0,1.0,16.0,49.0,4808.0
97.00624,7.0,1.0,16.0,49.0,4851.0
98.00526,7.0,1.0,16.0,51.0,4899.0
99.00289,7.0,1.0,17.0,52.0,4960.0
100.01768,7.0,1.0,17.0,53.0,5003.0
101.00181,7.0,1.0,17.0,56.0,5050.0
102.00263,7.0,1.0,17.0,56.0,5103.0
103.00065,7.0,1.0,19.0,55.0,5153.0
104.01513,7.0,1.0,19.0,56.0,5201.0
105.02491,7.0,1.0,19.0,60.0,5254.0
106.00197,7.0,1.0,19.0,62.0,5309.0
107.0242,7.0,1.0,19.0,63.0,5356.0
108.01004,7.0,1.0,19.0,63.0,5404.0
109.03006,7.0,1.0,19.0,64.0,5460.0
110.0432,7.0,1.0,19.0,63.0,5510.0
111.0767,7.0,1.0,19.0,64.0,5559.0
112.00037,7.0,1.0,19.0,66.0,5598.0
113.01051,7.0,1.0,19.0,67.0,5651.0
114.03419,7.0,1.0,19.0,66.0,5698.0
115.029,7.0,1.0,19.0,66.0,5742.0
116.0031,7.0,1.0,19.0,67.0,5797.0
117.00279,7.0,1.0,18.0,68.0,5859.0
118.05667,7.0,1.0,18.0,68.0,5922.0
119.04254,7.0,1.0,18.0,68.0,5981.0
120.01048,7.0,1.0,18.0,68.0,6025.0
121.0182,7.0,1.0,18.0,67.0,6066.0
122.00618,7.0,1.0,18.0,66.0,6110.0
123.04673,7.0,1.0,18.0,68.0,6165.0
124.02125,7.0,1.0,18.0,71.0,6203.0
125.00625,7.0,1.0,18.0,72.0,6253.0
126.02743,7.0,1.0,18.0,72.0,6306.0
127.02405,7.0,1.0,18.0,73.0,6368.0
128.01161,7.0,1.0,18.0,73.0,6418.0
129.0391,7.0,1.0,18.0,73.0,6466.0
130.01186,7.0,1.0,18.0,73.0,6512.0
131.03374,7.0,1.0,18.0,74.0,6557.0
132.02013,7.0,1.0,18.0,74.0,6608.0
133.01369,7.0,1.0,18.0,74.0,6659.0
134.00039,7.0,1.0,18.0,75.0,6702.0
135.00072,7.0,1.0,18.0,75.0,6751.0
136.01487,7.0,1.0,19.0,75.0,6804.0
137.02899,7.0,1.0,19.0,77.0,6862.0
138.01047,7.0,1.0,20.0,78.0,6912.0
139.00526,7.0,1.0,19.0,78.0,6956.0
140.05415,7.0,1.0,18.0,78.0,7004.0
141.01386,7.0,1.0,18.0,78.0,7041.0
142.00448,7.0,1.0,18.0,78.0,7092.0
143.00834,7.0,1.0,19.0,78.0,7133.0
144.00499,7.0,1.0,19.0,78.0,7177.0
145.02563,7.0,1.0,19.0,79.0,7222.0
146.00164,7.0,1.0,19.0,79.0,7272.0
147.0895,7.0,1.0,19.0,79.0,7309.0
148.00216,7.0,1.0,19.0,80.0,7355.0
149.0216,7.0,1.0,19.0,84.0,7405.0
0.0,8.0,1.0,0.0,0.0,0.0
1.0283,8.0,1.0,0.0,0.0,57.0
2.00399,8.0,1.0,0.0,2.0,115.0
3.01217,8.0,1.0,0.0,4.0,163.0
4.03301,8.0,1.0,0.0,5.0,200.0
5.02482,8.0,1.0,0.0,4.0,252.0
6.00073,8.0,1.0,0.0,5.0,302.0
7.00238,8.0,1.0,0.0,6.0,357.0
8.01614,8.0,1.0,0.0,6.0,411.0
9.0051,8.0,1.0,0.0,8.0,467.0
10.00307,8.0,1.0,0.0,9.0,516.0
11.0252,8.0,1.0,0.0,9.0,556.0
12.00098,8.0,1.0,0.0,11.0,610.0
13.01723,8.0,1.0,0.0,12.0,674.0
14.01642,8.0,1.0,0.0,11.0,740.0
15.00003,8.0,1.0,0.0,11.0,788.0
16.06232,8.0,1.0,0.0,13.0,841.0
17.00912,8.0,1.0,1.0,13.0,902.0
18.01016,8.0,1.0,1.0,14.0,954.0
19.02724,8.0,1.0,1.0,15.0,1019.0
20.00275,8.0,1.0,1.0,17.0,1077.0
21.01029,8.0,1.0,1.0,19.0,1120.0
22.00648,8.0,1.0,1.0,19.0,1172.0
23.00494,8.0,1.0,1.0,21.0,1232.0
24.0323,8.0,1.0,1.0,22.0,1285.0
25.01406,8.0,1.0,1.0,23.0,1334.0
26.0068,8.0,1.0,1.0,23.0,1389.0
27.03115,8.0,1.0,1.0,23.0,1446.0
28.03563,8.0,1.0,1.0,25.0,1490.0
29.03822,8.0,1.0,2.0,26.0,1542.0
30.00252,8.0,1.0,3.0,27.0,1599.0
31.00373,8.0,1.0,3.0,30.0,1647.0
32.02614,8.0,1.0,3.0,30.0,1694.0
33.00878,8.0,1.0,3.0,30.0,1748.0
34.01391,8.0,1.0,3.0,31.0,1803.0
35.00536,8.0,1.0,3.0,32.0,1858.0
36.01382,8.0,1.0,3.0,33.0,1921.0
37.00513,8.0,1.0,3.0,35.0,1974.0
38.01731,8.0,1.0,3.0,36.0,2032.0
39.00522,8.0,1.0,3.0,38.0,2102.0
40.01284,8.0,1.0,3.0,38.0,2158.0
41.01923,8.0,1.0,3.0,39.0,2206.0
42.00583,8.0,1.0,3.0,40.0,2247.0
43.01555,8.0,1.0,3.0,40.0,2295.0
44.00243,8.0,1.0,2.0,42.0,2340.0
45.0203,8.0,1.0,2.0,44.0,2394.0
46.00061,8.0,1.0,2.0,44.0,2430.0
47.02469,8.0,1.0,2.0,43.0,2476.0
48.00071,8.0,1.0,2.0,43.0,2531.0
49.06711,8.0,1.0,3.0,44.0,2570.0
50.07422,8.0,1.0,2.0,44.0,2617.0
51.00892,8.0,1.0,3.0,45.0,2663.0
52.03912,8.0,1.0,4.0,47.0,2707.0
53.01991,8.0,1.0,5.0,47.0,2753.0
54.00587,8.0,1.0,4.0,48.0,2807.0
55.03489,8.0,1.0,3.0,48.0,2856.0
56.01117,8.0,1.0,3.0,48.0,2895.0
57.01606,8.0,1.0,3.0,49.0,2940.0
58.0001,8.0,1.0,3.0,49.0,2991.0
59.01119,8.0,1.0,3.0,52.0,3034.0
60.00086,8.0,1.0,3.0,55.0,3096.0
61.00232,8.0,1.0,2.0,55.0,3141.0
62.04068,8.0,1.0,2.0,56.0,3187.0
63.01094,8.0,1.0,2.0,56.0,3227.0
64.01234,8.0,1.0,2.0,57.0,3282.0
65.00965,8.0,1.0,1.0,56.0,3336.0
66.01334,8.0,1.0,1.0,56.0,3382.0
67.00407,8.0,1.0,1.0,56.0,3434.0
68.0595,8.0,1.0,2.0,57.0,3481.0
69.06345,8.0,1.0,2.0,57.0,3531.0
70.0066,8.0,1.0,2.0,58.0,3580.0
71.01597,8.0,1.0,2.0,59.0,3634.0
72.01179,8.0,1.0,1.0,59.0,3692.0
73.02467,8.0,1.0,2.0,59.0,3744.0
74.01067,8.0,1.0,2.0,60.0,3812.0
75.00823,8.0,1.0,2.0,60.0,3855.0
76.01224,8.0,1.0,2.0,62.0,3908.0
77.00829,8.0,1.0,2.0,64.0,3947.0
78.04696,8.0,1.0,2.0,64.0,3997.0
79.04443,8.0,1.0,2.0,65.0,4041.0
80.01849,8.0,1.0,2.0,66.0,4091.0
81.01468,8.0,1.0,2.0,67.0,4155.0
82.06758,8.0,1.0,2.0,68.0,4207.0
83.00365,8.0,1.0,3.0,69.0,4244.0
84.00417,8.0,1.0,3.0,69.0,4300.0
85.00055,8.0,1.0,2.0,74.0,4351.0
86.0014,8.0,1.0,2.0,76.0,4402.0
87.00676,8.0,1.0,2.0,77.0,4456.0
88.02364,8.0,1.0,2.0,81.0,4508.0
89.0653,8.0,1.0,2.0,82.0,4564.0
90.04446,8.0,1.0,2.0,82.0,4628.0
91.0266,8.0,1.0,2.0,83.0,4672.0
92.03161,8.0,1.0,2.0,83.0,4731.0
93.01496,8.0,1.0,2.0,83.0,4783.0
94.02925,8.0,1.0,2.0,84.0,4826.0
95.01499,8.0,1.0,2.0,85.0,4875.0
96.01199,8.0,1.0,2.0,86.0,4921.0
97.01528,8.0,1.0,2.0,86.0,4979.0
98.00486,8.0,1.0,2.0,86.0,5025.0
99.0163,8.0,1.0,2.0,86.0,5060.0
100.0353,8.0,1.0,2.0,86.0,5103.0
101.00348,8.0,1.0,2.0,88.0,5148.0
102.01279,8.0,1.0,2.0,88.0,5209.0
103.00777,8.0,1.0,1.0,89.0,5264.0
104.04396,8.0,1.0,1.0,89.0,5329.0
105.02529,8.0,1.0,1.0,92.0,5380.0
106.01122,8.0,1.0,0.0,94.0,5423.0
107.01103,8.0,1.0,0.0,98.0,5472.0
108.00542,8.0,1.0,1.0,101.0,5529.0
109.01555,8.0,1.0,1.0,101.0,5587.0
110.00944,8.0,1.0,1.0,103.0,5641.0
111.03063,8.0,1.0,1.0,105.0,5687.0
112.02823,8.0,1.0,1.0,105.0,5733.0
113.0199,8.0,1.0,2.0,106.0,5777.0
114.00592,8.0,1.0,2.0,107.0,5818.0
115.03092,8.0,1.0,1.0,109.0,5866.0
116.00199,8.0,1.0,1.0,112.0,5926.0
117.00402,8.0,1.0,1.0,113.0,5979.0
118.00284,8.0,1.0,1.0,115.0,6043.0
119.00249,8.0,1.0,1.0,115.0,6091.0
120.022,8.0,1.0,1.0,116.0,6152.0
121.01177,8.0,1.0,1.0,116.0,6206.0
122.00034,8.0,1.0,1.0,117.0,6260.0
123.00965,8.0,1.0,1.0,118.0,6301.0
124.04571,8.0,1.0,1.0,119.0,6343.0
125.00578,8.0,1.0,1.0,119.0,6391.0
126.00294,8.0,1.0,1.0,119.0,6437.0
127.05213,8.0,1.0,1.0,119.0,6481.0
128.0119,8.0,1.0,1.0,119.0,6526.0
129.0001,8.0,1.0,1.0,119.0,6584.0
130.03395,8.0,1.0,1.0,119.0,6627.0
131.00454,8.0,1.0,3.0,121.0,6671.0
132.01085,8.0,1.0,3.0,122.0,6731.0
133.00801,8.0,1.0,3.0,124.0,6789.0
134.07687,8.0,1.0,4.0,125.0,6844.0
135.00029,8.0,1.0,4.0,127.0,6887.0
136.00078,8.0,1.0,4.0,128.0,6930.0
137.01331,8.0,1.0,4.0,130.0,6980.0
138.01677,8.0,1.0,4.0,130.0,7041.0
139.01903,8.0,1.0,4.0,131.0,7095.0
140.01714,8.0,1.0,4.0,131.0,7158.0
141.00254,8.0,1.0,4.0,131.0,7204.0
142.01496,8.0,1.0,4.0,134.0,7255.0
143.01113,8.0,1.0,4.0,133.0,7316.0
144.00164,8.0,1.0,5.0,133.0,7361.0
145.01083,8.0,1.0,5.0,134.0,7405.0
146.00366,8.0,1.0,5.0,135.0,7443.0
147.05372,8.0,1.0,5.0,135.0,7491.0
148.0347,8.0,1.0,5.0,137.0,7537.0
149.00986,8.0,1.0,5.0,138.0,7569.0
0.0,9.0,1.0,0.0,0.0,0.0
1.00192,9.0,1.0,-1.0,2.0,55.0
2.00889,9.0,1.0,-1.0,4.0,97.0
3.02167,9.0,1.0,-1.0,6.0,137.0
4.00171,9.0,1.0,0.0,6.0,188.0
5.00002,9.0,1.0,0.0,7.0,234.0
6.00016,9.0,1.0,0.0,7.0,280.0
7.02149,9.0,1.0,0.0,9.0,339.0
8.00515,9.0,1.0,0.0,9.0,386.0
9.002,9.0,1.0,0.0,9.0,450.0
10.00183,9.0,1.0,0.0,9.0,509.0
11.01751,9.0,1.0,0.0,11.0,542.0
12.01751,9.0,1.0,0.0,11.0,590.0
13.00736,9.0,1.0,0.0,12.0,638.0
14.02606,9.0,1.0,0.0,13.0,701.0
15.01332,9.0,1.0,0.0,14.0,739.0
16.06278,9.0,1.0,0.0,15.0,784.0
17.0122,9.0,1.0,0.0,18.0,831.0
18.00373,9.0,1.0,1.0,18.0,871.0
19.00994,9.0,1.0,0.0,18.0,914.0
20.00299,9.0,1.0,0.0,19.0,967.0
21.00502,9.0,1.0,0.0,20.0,1013.0
22.0049,9.0,1.0,0.0,19.0,1057.0
23.00551,9.0,1.0,0.0,19.0,1108.0
24.01815,9.0,1.0,0.0,20.0,1156.0
25.01918,9.0,1.0,0.0,21.0,1207.0
26.01947,9.0,1.0,0.0,23.0,1248.0
27.05202,9.0,1.0,0.0,24.0,1295.0
28.06764,9.0,1.0,0.0,26.0,1340.0
29.00171,9.0,1.0,2.0,28.0,1395.0
30.00001,9.0,1.0,2.0,29.0,1446.0
31.01391,9.0,1.0,2.0,29.0,1500.0
32.00111,9.0,1.0,2.0,31.0,1540.0
33.00288,9.0,1.0,2.0,33.0,1595.0
34.00036,9.0,1.0,2.0,34.0,1647.0
35.01994,9.0,1.0,2.0,35.0,1690.0
36.0858,9.0,1.0,2.0,34.0,1741.0
37.01931,9.0,1.0,2.0,38.0,1786.0
38.00524,9.0,1.0,2.0,40.0,1850.0
39.05889,9.0,1.0,2.0,40.0,1896.0
40.00197,9.0,1.0,2.0,42.0,1941.0
41.02389,9.0,1.0,2.0,43.0,1993.0
42.0289,9.0,1.0,2.0,43.0,2048.0
43.01571,9.0,1.0,2.0,43.0,2093.0
44.00997,9.0,1.0,3.0,43.0,2151.0
45.01563,9.0,1.0,3.0,43.0,2198.0
46.00871,9.0,1.0,3.0,43.0,2255.0
47.0067,9.0,1.0,3.0,44.0,2301.0
48.00234,9.0,1.0,3.0,47.0,2358.0
49.00295,9.0,1.0,3.0,47.0,2411.0
50.05667,9.0,1.0,3.0,47.0,2468.0
51.00843,9.0,1.0,3.0,47.0,2522.0
52.04135,9.0,1.0,3.0,49.0,2575.0
53.16418,9.0,1.0,3.0,50.0,2638.0
54.02092,9.0,1.0,3.0,52.0,2670.0
55.01942,9.0,1.0,3.0,52.0,2719.0
56.02808,9.0,1.0,3.0,53.0,2761.0
57.00059,9.0,1.0,3.0,53.0,2809.0
58.00547,9.0,1.0,3.0,54.0,2851.0
59.00171,9.0,1.0,3.0,56.0,2894.0
60.03325,9.0,1.0,2.0,55.0,2940.0
61.0067,9.0,1.0,2.0,55.0,2993.0
62.02591,9.0,1.0,2.0,55.0,3051.0
63.07534,9.0,1.0,2.0,56.0,3111.0
64.00472,9.0,1.0,3.0,56.0,3163.0
65.01331,9.0,1.0,3.0,56.0,3216.0
66.04612,9.0,1.0,4.0,54.0,3258.0
67.02394,9.0,1.0,4.0,54.0,3310.0
68.01206,9.0,1.0,3.0,54.0,3357.0
69.01236,9.0,1.0,3.0,56.0,3407.0
70.00692,9.0,1.0,3.0,56.0,3456.0
71.03248,9.0,1.0,3.0,57.0,3498.0
72.00466,9.0,1.0,3.0,57.0,3542.0
73.0023,9.0,1.0,3.0,58.0,3590.0
74.03653,9.0,1.0,3.0,58.0,3648.0
75.01546,9.0,1.0,2.0,59.0,3692.0
76.00377,9.0,1.0,2.0,61.0,3738.0
77.01931,9.0,1.0,2.0,62.0,3791.0
78.00405,9.0,1.0,2.0,64.0,3855.0
79.00472,9.0,1.0,2.0,65.0,3912.0
80.00467,9.0,1.0,1.0,65.0,3960.0
81.06025,9.0,1.0,1.0,65.0,4008.0
82.00889,9.0,1.0,1.0,68.0,4068.0
83.00033,9.0,1.0,1.0,69.0,4116.0
84.00696,9.0,1.0,1.0,69.0,4179.0
85.00005,9.0,1.0,2.0,69.0,4229.0
86.01716,9.0,1.0,2.0,70.0,4280.0
87.02,9.0,1.0,2.0,71.0,4339.0
88.0015,9.0,1.0,2.0,73.0,4383.0
89.00916,9.0,1.0,2.0,75.0,4442.0
90.0004,9.0,1.0,1.0,77.0,4485.0
91.02008,9.0,1.0,1.0,79.0,4537.0
92.0134,9.0,1.0,1.0,82.0,4578.0
93.01443,9.0,1.0,1.0,83.0,4623.0
94.01343,9.0,1.0,1.0,84.0,4670.0
95.02366,9.0,1.0,1.0,87.0,4723.0
96.00504,9.0,1.0,1.0,86.0,4769.0
97.00247,9.0,1.0,3.0,88.0,4831.0
98.02446,9.0,1.0,3.0,89.0,4893.0
99.02641,9.0,1.0,3.0,93.0,4945.0
100.00139,9.0,1.0,3.0,93.0,4991.0
101.00617,9.0,1.0,3.0,96.0,5034.0
102.01502,9.0,1.0,2.0,96.0,5093.0
103.00614,9.0,1.0,2.0,96.0,5146.0
104.00858,9.0,1.0,2.0,96.0,5186.0
105.00197,9.0,1.0,2.0,97.0,5238.0
106.00703,9.0,1.0,2.0,98.0,5274.0
107.03905,9.0,1.0,2.0,99.0,5321.0
108.00874,9.0,1.0,2.0,100.0,5376.0
109.00898,9.0,1.0,2.0,101.0,5433.0
110.01565,9.0,1.0,2.0,102.0,5497.0
111.01185,9.0,1.0,2.0,102.0,5551.0
112.00837,9.0,1.0,2.0,102.0,5604.0
113.023,9.0,1.0,3.0,102.0,5657.0
114.00047,9.0,1.0,3.0,102.0,5703.0
115.03021,9.0,1.0,3.0,103.0,5756.0
116.00606,9.0,1.0,3.0,106.0,5814.0
117.00864,9.0,1.0,4.0,105.0,5859.0
118.0147,9.0,1.0,5.0,106.0,5921.0
119.07479,9.0,1.0,7.0,106.0,5972.0
120.02894,9.0,1.0,7.0,107.0,6024.0
121.00277,9.0,1.0,7.0,108.0,6069.0
122.00018,9.0,1.0,7.0,108.0,6103.0
123.03108,9.0,1.0,8.0,109.0,6165.0
124.03915,9.0,1.0,8.0,111.0,6211.0
125.01069,9.0,1.0,8.0,111.0,6263.0
126.02623,9.0,1.0,8.0,111.0,6315.0
127.02318,9.0,1.0,7.0,117.0,6369.0
128.01484,9.0,1.0,7.0,117.0,6416.0
129.00292,9.0,1.0,7.0,118.0,6468.0
130.01127,9.0,1.0,7.0,119.0,6517.0
131.02237,9.0,1.0,7.0,120.0,6563.0
132.01009,9.0,1.0,7.0,121.0,6618.0
133.02259,9.0,1.0,8.0,122.0,6659.0
134.03252,9.0,1.0,8.0,122.0,6703.0
135.13849,9.0,1.0,8.0,122.0,6753.0
136.0267,9.0,1.0,8.0,122.0,6800.0
137.00075,9.0,1.0,8.0,124.0,6852.0
138.03109,9.0,1.0,8.0,125.0,6906.0
139.02175,9.0,1.0,8.0,126.0,6966.0
140.0224,9.0,1.0,9.0,127.0,7008.0
141.01586,9.0,1.0,9.0,127.0,7055.0
142.00041,9.0,1.0,9.0,128.0,7114.0
143.00372,9.0,1.0,8.0,129.0,7156.0
144.00159,9.0,1.0,8.0,131.0,7201.0
145.0141,9.0,1.0,8.0,131.0,7252.0
146.01844,9.0,1.0,7.0,131.0,7310.0
147.0276,9.0,1.0,9.0,132.0,7363.0
148.05806,9.0,1.0,9.0,133.0,7411.0
149.01802,9.0,1.0,9.0,135.0,7460.0
